instret,type,len,pc,vaddr(hex),vaddr(dec),paddr
1,ld,8,0x15bc6,0x3ffffc8868,274877679720,0x83dcc868
2,ld,4,0x15bde,0xe1394,922516,0x83dc0394
3,ld,4,0x15be2,0x2000c78914,137452030228,0xfa085914
4,st,4,0x15bf2,0x2000c78dd0,137452031440,0xfa085dd0
5,ld,4,0x15bf6,0xe21a4,926116,0x83dbc1a4
6,ld,4,0x15bf8,0x200001f914,137439082772,0xfa087914
7,st,4,0x15c06,0x2000c78dd0,137452031440,0xfa085dd0
8,ld,4,0x15c0a,0x200061d914,137445366036,0xfa086914
9,ld,4,0x15c0e,0xe2b04,928516,0x83dbcb04
10,st,4,0x15c20,0x2000c78dd0,137452031440,0xfa085dd0
11,ld,4,0x15c22,0xf1f78,991096,0x83dbdf78
12,st,4,0x15c36,0x2000c78dd0,137452031440,0xfa085dd0
13,ld,4,0x15c38,0xe3de0,933344,0x83dbfde0
14,st,4,0x15c4a,0x2000c78dd0,137452031440,0xfa085dd0
15,ld,4,0x15c4c,0xe2fb4,929716,0x83dbcfb4
16,ld,4,0x15c50,0x200061ddcc,137445367244,0xfa086dcc
17,st,4,0x15c5a,0x200061ddd0,137445367248,0xfa086dd0
18,ld,4,0x15c5c,0x2000c78dcc,137452031436,0xfa085dcc
19,ld,4,0x15c60,0xe1cf4,924916,0x83dc0cf4
20,st,4,0x15c70,0x200061ddd0,137445367248,0xfa086dd0
21,ld,4,0x15c78,0x2000c78918,137452030232,0xfa085918
22,ld,4,0x15c7c,0xe1848,923720,0x83dc0848
23,st,4,0x15c82,0x200001fdd0,137439083984,0xfa087dd0
24,ld,4,0x15c86,0x200001f918,137439082776,0xfa087918
25,ld,4,0x15c8a,0xe2658,927320,0x83dbc658
26,st,4,0x15c96,0x200001fdd0,137439083984,0xfa087dd0
27,ld,4,0x15c9a,0xeaec8,962248,0x83dbeec8
28,st,4,0x15bc2,0x200001fdd0,137439083984,0xfa087dd0
29,ld,8,0x15bc6,0x3ffffc8868,274877679720,0x83dcc868
30,ld,4,0x15bde,0xe1398,922520,0x83dc0398
31,ld,4,0x15be2,0x2000c78918,137452030232,0xfa085918
32,st,4,0x15bf2,0x2000c78dd4,137452031444,0xfa085dd4
33,ld,4,0x15bf6,0xe21a8,926120,0x83dbc1a8
34,ld,4,0x15bf8,0x200001f918,137439082776,0xfa087918
35,st,4,0x15c06,0x2000c78dd4,137452031444,0xfa085dd4
36,ld,4,0x15c0a,0x200061d918,137445366040,0xfa086918
37,ld,4,0x15c0e,0xe2b08,928520,0x83dbcb08
38,st,4,0x15c20,0x2000c78dd4,137452031444,0xfa085dd4
39,ld,4,0x15c22,0xf1f7c,991100,0x83dbdf7c
40,st,4,0x15c36,0x2000c78dd4,137452031444,0xfa085dd4
41,ld,4,0x15c38,0xe3de4,933348,0x83dbfde4
42,st,4,0x15c4a,0x2000c78dd4,137452031444,0xfa085dd4
43,ld,4,0x15c4c,0xe2fb8,929720,0x83dbcfb8
44,ld,4,0x15c50,0x200061ddd0,137445367248,0xfa086dd0
45,st,4,0x15c5a,0x200061ddd4,137445367252,0xfa086dd4
46,ld,4,0x15c5c,0x2000c78dd0,137452031440,0xfa085dd0
47,ld,4,0x15c60,0xe1cf8,924920,0x83dc0cf8
48,st,4,0x15c70,0x200061ddd4,137445367252,0xfa086dd4
49,ld,4,0x15c78,0x2000c7891c,137452030236,0xfa08591c
50,ld,4,0x15c7c,0xe184c,923724,0x83dc084c
51,st,4,0x15c82,0x200001fdd4,137439083988,0xfa087dd4
52,ld,4,0x15c86,0x200001f91c,137439082780,0xfa08791c
53,ld,4,0x15c8a,0xe265c,927324,0x83dbc65c
54,st,4,0x15c96,0x200001fdd4,137439083988,0xfa087dd4
55,ld,4,0x15c9a,0xeaecc,962252,0x83dbeecc
56,st,4,0x15bc2,0x200001fdd4,137439083988,0xfa087dd4
57,ld,8,0x15bc6,0x3ffffc8868,274877679720,0x83dcc868
58,ld,4,0x15bde,0xe139c,922524,0x83dc039c
59,ld,4,0x15be2,0x2000c7891c,137452030236,0xfa08591c
60,st,4,0x15bf2,0x2000c78dd8,137452031448,0xfa085dd8
61,ld,4,0x15bf6,0xe21ac,926124,0x83dbc1ac
62,ld,4,0x15bf8,0x200001f91c,137439082780,0xfa08791c
63,st,4,0x15c06,0x2000c78dd8,137452031448,0xfa085dd8
64,ld,4,0x15c0a,0x200061d91c,137445366044,0xfa08691c
65,ld,4,0x15c0e,0xe2b0c,928524,0x83dbcb0c
66,st,4,0x15c20,0x2000c78dd8,137452031448,0xfa085dd8
67,ld,4,0x15c22,0xf1f80,991104,0x83dbdf80
68,st,4,0x15c36,0x2000c78dd8,137452031448,0xfa085dd8
69,ld,4,0x15c38,0xe3de8,933352,0x83dbfde8
70,st,4,0x15c4a,0x2000c78dd8,137452031448,0xfa085dd8
71,ld,4,0x15c4c,0xe2fbc,929724,0x83dbcfbc
72,ld,4,0x15c50,0x200061ddd4,137445367252,0xfa086dd4